{"IcoMoonType":"selection","icons":[{"icon":{"paths":["M1024 0l-1024 576 327.253 121.173 504.747-473.173-383.915 517.973 0.299 0.085-0.384-0.085v282.027l183.509-214.101 232.533 86.101 159.957-896z"],"attrs":[{"fill":"rgb(255, 255, 255)"}],"isMulticolor":false,"isMulticolor2":false,"grid":0,"tags":["telegram-icon"]},"attrs":[{"fill":"rgb(255, 255, 255)"}],"properties":{"order":3,"id":0,"name":"telegram-icon","prevSize":32,"code":59648},"setIdx":0,"setId":6,"iconIdx":0}],"height":1024,"metadata":{"name":"icomoon"},"preferences":{"showGlyphs":true,"showQuickUse":true,"showQuickUse2":true,"showSVGs":true,"fontPref":{"prefix":"icon-","metadata":{"fontFamily":"icomoon","majorVersion":1,"minorVersion":0},"metrics":{"emSize":1024,"baseline":6.25,"whitespace":50},"embed":false},"imagePref":{"prefix":"icon-","png":true,"useClassSelector":true,"color":0,"bgColor":16777215,"classSelector":".icon","name":"icomoon"},"historySize":50,"showCodes":true,"gridSize":16}}